t,shoulder_pan,shoulder_lift,elbow_flex,wrist_flex,wrist_roll,gripper
0.00,-2.23,-96.88,96.47,58.14,0.23,2.19
0.05,-2.23,-96.88,95.02,58.14,0.23,2.19
0.10,-2.23,-96.88,93.31,58.22,0.23,2.26
0.15,-2.32,-96.88,90.95,58.22,0.23,2.26
0.20,-2.56,-96.79,87.97,58.22,0.29,2.26
0.25,-2.40,-96.62,84.71,58.22,0.29,2.34
0.30,-2.32,-96.62,81.82,58.14,0.34,2.34
0.35,-2.23,-96.53,79.19,57.89,0.44,2.34
0.40,-2.23,-96.53,76.30,57.80,1.48,2.34
0.45,-2.23,-96.53,73.41,57.72,2.26,2.34
0.50,-2.23,-96.53,70.51,57.47,2.63,2.34
0.55,-2.23,-96.53,67.71,57.30,2.99,2.34
0.60,-2.15,-96.44,64.99,57.30,3.04,2.34
0.65,-2.15,-96.44,62.19,57.30,3.04,2.42
0.70,-2.15,-96.36,59.57,57.30,3.04,2.42
0.75,-2.15,-95.32,57.03,57.30,2.99,2.42
0.80,-2.15,-92.28,53.87,57.30,2.89,2.42
0.85,-1.26,-87.68,49.53,57.63,2.78,2.42
0.90,0.28,-82.39,44.91,57.38,2.78,2.42
0.95,1.67,-76.84,39.03,57.30,2.73,2.34
1.00,2.56,-71.64,33.15,57.47,2.73,2.34
1.05,3.13,-66.70,27.36,57.38,2.73,2.34
1.10,3.62,-62.27,21.21,57.55,2.73,2.34
1.15,3.94,-58.11,14.97,57.72,2.73,2.34
1.20,3.94,-54.21,9.18,57.72,2.73,2.34
1.25,3.94,-50.48,3.30,57.97,2.73,2.34
1.30,3.94,-46.75,-2.40,58.39,2.73,2.34
1.35,3.94,-43.10,-8.37,59.06,2.73,2.34
1.40,3.86,-39.29,-14.61,59.90,2.73,2.42
1.45,3.62,-35.56,-20.85,60.99,2.73,3.70
1.50,3.37,-31.83,-26.46,62.25,2.73,7.62
1.55,3.37,-28.36,-32.34,63.42,2.68,13.51
1.60,3.29,-25.07,-37.77,63.93,2.26,18.04
1.65,3.29,-21.68,-43.37,63.59,1.90,18.57
1.70,3.29,-18.13,-48.89,63.00,1.79,17.66
1.75,3.29,-14.40,-54.14,62.50,1.90,17.81
1.80,3.29,-10.93,-59.38,62.00,1.90,18.57
1.85,3.29,-7.89,-64.09,62.25,1.90,19.62
1.90,3.29,-5.38,-67.25,62.33,1.95,20.98
1.95,3.29,-3.56,-69.70,62.08,1.95,22.26
2.00,3.29,-2.43,-71.78,61.91,1.95,24.00
2.05,3.29,-2.08,-73.50,61.83,1.85,26.49
2.10,3.21,-2.08,-74.13,60.74,1.74,28.91
2.15,2.48,-2.08,-74.40,59.31,1.48,31.70
2.20,1.83,-2.08,-74.31,57.63,0.39,34.87
2.25,1.75,-2.08,-74.31,56.46,-0.55,38.79
2.30,1.42,-2.08,-74.31,55.20,-0.70,42.79
2.35,1.34,-2.08,-74.31,53.94,-0.70,45.74
2.40,1.34,-2.08,-74.31,52.01,-0.70,47.70
2.45,1.34,-2.08,-74.31,49.58,-0.75,48.75
2.50,1.26,-2.08,-74.31,47.73,-0.81,48.83
2.55,1.34,-2.08,-74.31,46.56,-0.81,48.83
2.60,1.67,-2.08,-74.31,45.97,-0.75,48.83
2.65,1.83,-2.08,-74.31,45.22,-0.70,48.98
2.70,2.07,-2.08,-74.76,44.04,-0.60,49.06
2.75,2.97,-2.08,-74.85,41.36,-0.23,49.13
2.80,3.78,-2.08,-74.31,38.76,0.29,49.13
2.85,4.59,-2.08,-74.31,37.33,1.22,49.13
2.90,5.08,-2.08,-74.31,36.66,1.79,49.21
2.95,5.08,-2.08,-74.31,36.83,1.95,49.21
3.00,5.08,-2.08,-74.31,37.00,1.95,49.21
3.05,5.08,-2.08,-74.22,37.08,1.95,49.21
3.10,5.08,-2.08,-74.22,37.16,1.95,49.21
3.15,5.08,-2.08,-74.22,38.09,1.95,49.21
3.20,5.16,-2.08,-74.22,41.44,2.00,49.21
3.25,5.24,-2.08,-74.22,45.97,2.00,49.21
3.30,6.87,-2.08,-74.76,49.83,1.79,49.21
3.35,9.87,-2.17,-74.85,52.18,1.38,49.21
3.40,13.69,-2.17,-74.58,53.52,-0.23,49.21
3.45,18.49,-2.17,-74.22,55.37,-0.91,49.13
3.50,21.98,-2.17,-74.22,59.23,-1.07,49.13
3.55,23.20,-1.99,-74.22,64.26,-1.07,48.91
3.60,23.69,-1.99,-74.22,69.63,-1.12,48.91
3.65,24.18,-1.99,-74.22,75.25,-1.38,48.91
3.70,25.56,-1.91,-74.22,80.03,-2.05,48.83
3.75,26.94,-1.91,-74.22,83.56,-2.47,48.83
3.80,28.08,-1.91,-74.22,86.07,-2.47,48.83
3.85,29.62,-1.82,-74.13,87.92,-2.47,48.83
3.90,31.65,-1.82,-74.13,89.26,-2.47,48.83
3.95,33.36,-1.73,-73.22,90.18,-2.52,48.83
4.00,34.50,-1.73,-70.78,90.27,-2.52,48.83
4.05,35.80,-1.82,-68.25,90.10,-2.52,48.83
4.10,37.18,-1.82,-66.44,90.02,-2.57,48.83
4.15,38.81,-1.82,-65.08,89.35,-2.57,48.83
4.20,41.16,-1.82,-63.36,87.08,-2.73,48.83
4.25,43.76,-1.82,-61.10,83.56,-2.94,48.83
4.30,46.20,-1.73,-58.03,79.45,-2.78,48.83
4.35,48.72,-1.73,-54.59,75.17,-2.78,48.83
4.40,51.32,-1.73,-51.52,71.73,-2.78,48.83
4.45,54.16,-1.82,-49.34,69.21,-2.78,48.83
4.50,57.25,-1.82,-47.99,67.53,-2.73,48.83
4.55,60.42,-1.82,-47.17,66.36,-2.73,48.83
4.60,63.92,-1.82,-46.99,65.94,-2.73,48.83
4.65,67.74,-1.82,-46.81,65.94,-2.73,48.83
4.70,71.80,-1.91,-46.72,65.86,-2.73,48.83
4.75,75.62,-1.91,-46.63,66.02,-2.73,48.83
4.80,79.20,-1.91,-46.63,66.02,-2.73,48.83
4.85,82.85,-1.91,-46.54,66.11,-2.78,48.83
4.90,86.92,-1.91,-46.54,66.28,-2.94,48.83
4.95,90.98,-1.91,-46.54,66.36,-2.99,48.83
5.00,94.96,-1.91,-46.54,66.36,-2.99,48.83
5.05,98.54,-1.91,-46.54,66.36,-2.99,48.83
5.10,99.84,-1.82,-46.54,66.36,-2.94,48.83
5.15,100.00,-1.82,-46.45,66.28,-2.78,48.91
5.20,99.84,-1.73,-46.09,66.28,-2.78,48.98
5.25,99.59,-1.73,-44.10,66.02,-2.78,48.98
5.30,98.86,-1.82,-41.84,65.77,-2.89,49.06
5.35,96.51,-1.91,-39.48,65.86,-2.78,49.13
5.40,94.15,-2.08,-37.86,65.77,-2.78,49.21
5.45,93.17,-2.17,-36.50,66.11,-2.83,49.21
5.50,92.77,-2.17,-36.14,66.19,-2.83,49.21
5.55,92.44,-2.17,-36.23,66.02,-2.89,49.21
5.60,91.30,-2.17,-36.05,65.86,-2.94,49.21
5.65,88.54,-2.17,-36.05,65.86,-2.99,49.21
5.70,86.27,-2.17,-35.96,65.77,-2.99,49.21
5.75,84.32,-2.17,-35.96,65.77,-2.99,49.21
5.80,81.71,-2.17,-36.23,65.77,-2.99,49.21
5.85,78.71,-2.17,-36.23,65.77,-2.99,49.21
5.90,75.62,-2.17,-36.32,65.77,-2.99,49.21
5.95,71.88,-2.17,-36.32,65.77,-2.99,49.21
6.00,67.82,-2.17,-36.41,65.77,-2.99,49.21
6.05,63.43,-2.17,-36.41,65.77,-2.99,49.21
6.10,58.88,-2.17,-36.41,65.77,-2.99,49.13
6.15,54.16,-2.17,-36.41,65.77,-2.99,49.13
6.20,49.21,-2.17,-36.41,65.77,-2.99,49.13
6.25,43.84,-2.17,-36.32,65.77,-2.99,49.13
6.30,38.72,-2.17,-36.23,65.77,-2.99,49.13
6.35,33.69,-2.17,-36.23,65.77,-2.99,49.13
6.40,28.32,-2.17,-36.32,65.77,-2.99,49.13
6.45,23.20,-2.17,-36.32,65.77,-2.99,49.13
6.50,18.24,-2.17,-36.32,65.77,-2.99,49.13
6.55,13.53,-2.17,-36.32,65.77,-2.99,49.13
6.60,8.90,-2.17,-36.32,65.77,-2.99,49.13
6.65,4.51,-2.17,-36.23,65.77,-2.99,49.13
6.70,0.04,-2.17,-36.14,65.77,-2.99,49.13
6.75,-4.02,-2.17,-36.05,65.77,-2.99,49.13
6.80,-8.09,-2.17,-36.05,65.77,-2.99,49.13
6.85,-11.99,-2.17,-36.23,65.77,-2.99,49.13
6.90,-15.97,-2.17,-36.32,65.60,-2.99,49.13
6.95,-19.87,-2.17,-36.14,64.35,-2.99,49.13
7.00,-23.69,-2.17,-36.05,62.75,-2.99,49.13
7.05,-27.10,-2.17,-35.96,61.16,-2.99,49.13
7.10,-30.43,-2.17,-35.96,59.48,-2.99,49.06
7.15,-33.60,-2.17,-35.96,57.97,-2.94,49.06
7.20,-36.53,-1.99,-35.96,56.54,-2.94,49.06
7.25,-39.46,-1.99,-35.96,55.45,-2.94,48.98
7.30,-42.22,-1.91,-35.87,54.70,-2.99,48.98
7.35,-44.98,-1.82,-35.87,54.61,-2.99,48.98
7.40,-47.74,-1.82,-35.87,54.78,-2.99,48.98
7.45,-50.18,-1.82,-35.87,54.95,-2.99,48.98
7.50,-52.54,-1.82,-35.87,54.95,-2.99,48.98
7.55,-54.82,-1.82,-35.87,55.03,-2.99,48.98
7.60,-57.17,-1.82,-35.87,55.12,-2.99,48.98
7.65,-59.69,-1.82,-35.87,55.12,-2.99,48.98
7.70,-62.29,-1.82,-35.87,55.12,-2.94,48.98
7.75,-64.97,-1.91,-35.87,55.12,-2.89,48.98
7.80,-67.41,-1.91,-35.78,55.20,-2.89,48.98
7.85,-69.85,-1.91,-35.78,55.20,-2.94,48.98
7.90,-72.04,-1.91,-35.78,55.20,-2.89,48.98
7.95,-73.91,-1.91,-35.78,55.20,-2.89,48.98
8.00,-75.78,-1.91,-35.78,55.20,-2.89,48.98
8.05,-77.65,-1.91,-35.78,55.20,-2.94,48.98
8.10,-79.85,-1.91,-35.78,55.20,-2.94,48.98
8.15,-81.88,-1.91,-35.78,55.20,-2.89,48.98
8.20,-83.91,-1.91,-35.78,55.20,-2.99,48.98
8.25,-85.94,-1.91,-35.78,55.20,-2.99,48.98
8.30,-87.97,-1.91,-35.78,55.20,-2.94,48.98
8.35,-89.76,-1.91,-35.78,55.20,-2.89,48.98
8.40,-91.30,-1.91,-35.78,55.20,-2.89,48.98
8.45,-92.77,-1.91,-35.78,55.20,-2.89,48.98
8.50,-94.31,-1.91,-35.78,55.20,-2.94,48.98
8.55,-96.26,-1.91,-35.78,55.20,-2.89,48.98
8.60,-97.81,-1.91,-35.78,55.20,-2.89,48.98
8.65,-99.43,-1.91,-35.78,55.20,-2.89,48.98
8.70,-100.00,-1.91,-35.78,55.20,-2.99,48.98
8.75,-100.00,-1.91,-35.78,55.20,-2.99,48.98
8.80,-100.00,-1.91,-35.78,55.20,-2.99,48.98
8.85,-100.00,-1.91,-35.78,55.20,-2.99,48.98
8.90,-100.00,-1.91,-35.78,55.20,-2.99,48.98
8.95,-100.00,-1.91,-35.78,55.20,-2.99,48.91
9.00,-100.00,-1.91,-35.78,55.20,-2.94,48.91
9.05,-100.00,-1.91,-35.78,55.20,-2.83,48.91
9.10,-99.67,-1.91,-35.78,55.20,-2.78,48.91
9.15,-97.40,-1.91,-35.78,55.20,-2.78,48.91
9.20,-94.88,-1.91,-35.78,55.12,-2.78,48.91
9.25,-91.39,-1.82,-35.78,55.03,-2.78,48.91
9.30,-86.75,-1.82,-35.78,55.12,-2.89,48.91
9.35,-82.28,-1.82,-35.78,55.20,-2.89,48.91
9.40,-77.25,-1.82,-35.78,55.37,-2.78,48.91
9.45,-71.96,-1.91,-35.78,56.88,-2.89,48.91
9.50,-67.25,-1.91,-35.78,58.22,-2.89,48.91
9.55,-62.45,-1.91,-35.78,59.65,-2.89,48.91
9.60,-57.90,-1.91,-35.78,61.49,-2.89,48.91
9.65,-53.60,-1.99,-35.78,62.84,-2.94,48.91
9.70,-48.96,-2.08,-35.78,64.18,-2.94,48.91
9.75,-44.25,-2.08,-35.78,65.18,-2.94,48.91
9.80,-39.37,-2.08,-35.78,66.28,-2.94,48.91
9.85,-34.58,-2.08,-35.78,66.86,-2.94,48.91
9.90,-29.78,-2.08,-35.78,67.03,-2.94,48.91
9.95,-25.15,-2.08,-35.78,67.03,-2.94,48.91
10.00,-20.60,-2.08,-35.78,66.78,-2.94,48.91
10.05,-16.62,-1.99,-35.78,66.69,-2.99,48.91
10.10,-13.29,-1.91,-35.78,66.53,-2.99,48.91
10.15,-10.61,-1.82,-35.78,66.53,-3.04,48.91
10.20,-8.49,-1.82,-35.78,66.53,-3.04,48.91
10.25,-6.95,-1.73,-35.41,66.95,-3.04,48.91
10.30,-5.97,-1.73,-32.34,67.53,-3.04,48.83
10.35,-5.40,-1.73,-27.36,67.53,-3.04,48.83
10.40,-4.67,-1.73,-21.94,67.62,-3.04,48.83
10.45,-3.62,-1.73,-16.24,67.62,-3.04,48.83
10.50,-2.64,-1.73,-10.00,67.53,-3.04,48.83
10.55,-1.99,-1.73,-3.57,67.45,-3.04,48.83
10.60,-1.83,-1.82,2.31,67.45,-3.04,48.83
10.65,-1.83,-1.82,8.10,67.45,-3.04,48.83
10.70,-1.91,-1.82,13.43,67.45,-3.04,48.83
10.75,-1.91,-2.08,18.59,67.37,-3.04,48.83
10.80,-1.91,-2.17,23.11,67.37,-3.04,48.83
10.85,-1.75,-2.17,26.82,67.37,-3.04,48.83
10.90,-1.75,-2.25,30.08,67.37,-3.04,48.83
10.95,-1.58,-2.69,32.34,67.37,-3.04,48.83
11.00,-0.93,-4.86,34.42,67.37,-2.94,48.83
11.05,-0.61,-8.67,36.32,66.78,-2.89,48.98
11.10,0.37,-14.22,38.85,65.52,-2.89,48.98
11.15,0.85,-20.82,42.38,64.35,-2.83,49.06
11.20,0.93,-28.36,46.63,63.34,-2.83,49.06
11.25,1.02,-36.34,50.88,61.49,-2.83,48.98
11.30,1.02,-44.84,55.22,58.98,-2.83,48.98
11.35,1.02,-53.25,59.57,56.46,-2.83,48.91
11.40,1.02,-61.93,63.09,53.94,-2.83,48.91
11.45,0.93,-70.34,65.54,52.27,-2.78,48.91
11.50,0.93,-78.92,66.53,50.76,-2.78,48.91
11.55,0.93,-87.34,66.35,49.58,-2.78,48.91
11.60,0.85,-95.49,64.72,48.32,-2.78,48.83
11.65,1.02,-100.00,59.66,46.73,-2.78,48.83
11.70,0.93,-99.31,52.42,44.55,-2.99,48.83
11.75,0.93,-96.36,44.91,42.53,-2.89,48.83
11.80,0.61,-93.24,36.77,39.85,-2.99,48.83
11.85,0.45,-89.33,28.81,35.82,-2.99,48.83
11.90,0.77,-84.13,22.30,30.70,-2.94,48.83
11.95,1.02,-77.71,16.51,24.75,-2.78,48.83
12.00,1.02,-71.03,10.72,20.13,-2.73,48.83
12.05,1.34,-64.01,4.03,18.62,-2.68,48.75
12.10,2.72,-57.33,-3.93,20.81,-2.68,48.75
12.15,3.94,-50.74,-12.71,24.16,-2.68,48.75
12.20,3.94,-43.80,-21.94,27.10,-2.68,48.75
12.25,4.19,-36.69,-31.25,29.45,-2.52,48.68
12.30,3.94,-29.40,-40.21,32.80,-1.79,47.25
12.35,3.86,-22.38,-47.90,38.17,-0.81,43.32
12.40,3.05,-16.31,-54.32,43.62,-0.29,38.64
12.45,2.32,-10.93,-59.29,50.34,0.13,35.40
12.50,2.32,-6.50,-62.19,58.47,0.49,34.34
12.55,1.83,-3.12,-63.09,68.12,0.86,34.42
12.60,0.93,-0.69,-62.55,78.52,0.44,35.47
12.65,-0.69,0.95,-61.28,90.10,0.44,38.64
12.70,-1.83,2.52,-59.38,99.66,0.23,41.81
12.75,-1.34,3.73,-53.14,98.83,-0.49,43.09
12.80,0.53,4.68,-43.92,98.91,-1.69,42.42
12.85,0.85,4.86,-35.14,98.91,-3.04,41.21
12.90,0.61,4.86,-27.09,98.91,-3.36,40.30
12.95,0.45,4.86,-19.76,98.83,-3.36,40.30
13.00,0.37,4.51,-13.16,98.83,-3.36,40.30
13.05,0.28,3.30,-7.46,98.83,-3.41,40.38
13.10,-0.28,1.21,-2.13,98.83,-3.46,40.30
13.15,-1.18,-2.25,3.57,98.74,-3.51,40.45
13.20,-1.75,-7.03,9.36,97.65,-3.51,40.45
13.25,-1.58,-13.44,15.42,92.87,-3.41,40.53
13.30,-1.10,-20.90,21.39,86.07,-3.36,40.53
13.35,-1.02,-29.14,28.54,79.45,-3.30,40.53
13.40,-1.10,-37.64,36.59,73.15,-3.30,40.53
13.45,-1.50,-46.75,44.46,66.61,-3.30,40.60
13.50,-1.58,-55.68,52.69,59.90,-3.30,40.60
13.55,-1.42,-64.61,61.28,52.18,-3.25,40.68
13.60,-1.26,-73.03,70.15,44.30,-3.25,41.81
13.65,-1.18,-81.01,79.19,36.74,-3.25,45.21
13.70,-1.26,-88.12,87.34,30.37,-2.94,49.43
13.75,-1.75,-94.19,93.94,26.01,-1.53,52.68
13.80,-2.64,-98.44,99.28,24.41,-0.55,54.42
13.85,-3.54,-98.87,99.46,28.19,-0.91,56.08
13.90,-4.51,-97.75,99.28,32.13,-1.01,58.72
13.95,-5.57,-96.53,99.37,34.56,-0.75,61.51
14.00,-5.57,-95.06,99.46,34.73,-0.81,63.40
14.05,-4.59,-93.67,99.64,34.73,-0.86,64.08
14.10,-3.54,-92.02,99.64,34.73,-0.81,64.23
14.15,-3.05,-90.03,99.64,35.15,-0.81,64.08
14.20,-2.97,-87.68,99.55,35.91,-0.86,63.92
14.25,-2.80,-85.00,98.28,37.58,-0.86,62.79
14.30,-2.80,-82.13,96.02,39.60,-0.86,59.32
14.35,-2.80,-79.44,94.21,41.69,-1.07,53.74
14.40,-2.72,-77.28,92.76,43.20,-1.79,46.87
14.45,-2.72,-75.46,91.41,44.38,-2.26,38.04
14.50,-2.72,-74.24,90.32,46.06,-2.16,28.91
14.55,-2.72,-73.89,89.15,48.07,-2.26,20.08
14.60,-2.72,-73.89,87.25,51.26,-2.26,12.00
14.65,-2.72,-73.89,84.44,55.62,-2.26,5.28
14.70,-2.72,-73.89,80.82,59.98,-2.26,1.81
14.75,-2.89,-73.55,77.39,64.93,-2.26,1.66
14.80,-2.80,-73.29,76.12,67.62,-2.31,1.81
14.85,-2.07,-73.29,77.02,65.86,-2.11,1.81
14.90,-1.26,-73.29,78.29,65.02,-2.11,1.74
14.95,-1.02,-73.29,78.47,64.93,-2.11,1.74
15.00,-1.02,-73.29,78.38,65.02,-2.21,1.74
15.05,-0.93,-73.29,78.38,65.02,-2.26,1.74
15.10,-0.69,-73.29,78.47,63.59,-2.26,1.74
15.15,-0.45,-73.29,78.92,59.14,-2.31,1.74
15.20,-0.45,-73.29,80.19,54.03,-2.26,1.74
15.25,-0.77,-73.29,81.64,48.66,-2.21,1.74
15.30,-1.10,-73.29,82.90,42.95,-2.21,1.74
15.35,-1.18,-73.29,83.81,37.67,-2.26,1.74
15.40,-1.18,-73.29,84.26,32.72,-2.26,1.74
15.45,-1.10,-73.29,83.90,27.77,-2.26,1.74
15.50,-0.93,-73.29,83.36,23.24,-2.26,1.74
15.55,-0.77,-73.37,82.18,19.46,-2.31,1.74
15.60,-0.53,-73.81,80.73,15.44,-2.31,1.74
15.65,-0.53,-73.81,77.84,10.74,-2.31,1.81
15.70,-0.20,-73.81,74.04,5.96,-2.31,1.81
15.75,1.10,-73.89,70.96,1.17,-2.31,1.89
15.80,2.15,-73.89,68.43,-3.94,-2.31,1.89
15.85,2.89,-73.89,67.25,-9.48,-2.31,1.89
15.90,3.37,-73.89,67.35,-14.35,-2.16,1.96
15.95,3.54,-73.89,68.25,-16.95,-2.11,1.96
16.00,3.62,-73.89,69.97,-17.37,-2.11,1.96
16.05,3.62,-73.89,72.32,-17.11,-2.11,1.96
16.10,3.62,-73.89,75.58,-15.52,-2.16,1.96
16.15,3.62,-73.89,79.01,-11.66,-2.11,1.81
16.20,3.54,-73.89,81.00,-5.62,-2.11,1.81
16.25,3.54,-73.89,81.91,1.85,-2.21,1.81
16.30,3.29,-73.89,82.09,9.56,-2.26,1.89
16.35,2.89,-73.89,81.91,16.95,-2.26,1.89
16.40,1.58,-73.89,81.91,24.24,-2.26,1.81
16.45,0.12,-73.89,82.45,32.89,-2.21,1.81
16.50,-0.53,-73.89,82.90,41.28,-2.26,1.89
16.55,-0.93,-73.89,83.54,48.41,-2.26,1.89
16.60,-1.02,-73.89,85.26,53.52,-2.21,1.89
16.65,-0.53,-73.89,86.79,54.95,-2.11,1.89
16.70,-0.45,-73.89,88.24,55.37,-2.11,1.89
16.75,-0.45,-73.89,89.69,55.45,-2.11,1.89
16.80,-0.45,-73.89,90.59,55.37,-2.11,1.89
16.85,-0.45,-73.89,90.59,55.45,-2.11,1.89
16.90,-0.45,-73.89,90.59,55.45,-2.11,1.89
16.95,-0.45,-73.89,90.59,55.54,-2.11,1.89
17.00,-0.45,-73.89,90.59,55.96,-2.11,1.89
17.05,-0.45,-73.89,90.59,55.96,-2.11,1.89
17.10,-0.45,-73.89,90.59,55.96,-2.11,1.89
17.15,-0.45,-73.89,90.59,55.96,-2.11,1.89
17.20,-0.45,-73.89,90.59,56.04,-2.11,1.89
17.25,-0.45,-73.89,90.59,56.04,-2.11,1.89
17.30,-0.45,-73.89,90.59,56.29,-2.11,1.89
17.35,-0.45,-73.89,90.59,56.71,-2.11,1.89
17.40,-0.45,-73.89,90.59,56.71,-2.11,1.89
17.45,-0.45,-73.89,90.59,56.71,-2.11,1.89
17.50,-0.45,-73.89,90.59,56.71,-2.11,1.89
17.55,-0.45,-73.89,90.50,56.96,-2.11,1.89
17.60,-0.45,-73.89,90.14,58.05,-2.11,1.89
17.65,-0.53,-73.89,89.96,59.73,-2.11,1.89
17.70,-0.53,-73.89,89.78,60.49,-2.11,1.89
17.75,-0.53,-73.89,89.78,60.91,-2.11,1.89
17.80,-0.53,-73.89,89.78,60.91,-2.11,1.89
17.85,-0.53,-73.89,89.78,61.41,-2.11,1.89
17.90,-0.53,-73.89,89.69,62.67,-2.11,1.89
17.95,-0.53,-73.89,89.69,62.67,-2.11,1.89
18.00,-0.53,-73.89,89.69,62.67,-2.11,1.89
18.05,-0.53,-73.89,89.69,62.67,-2.11,1.89
18.10,-0.53,-73.89,89.69,62.67,-2.11,1.89
18.15,-0.53,-73.89,89.69,62.67,-2.11,1.89
18.20,-0.53,-73.89,89.69,62.67,-2.11,1.89
18.25,-0.53,-73.89,89.69,62.67,-2.11,1.89
18.30,-0.53,-73.89,89.69,62.67,-2.11,1.89
18.35,-0.53,-73.89,89.69,62.67,-2.11,1.89
18.40,-0.53,-73.89,89.69,62.67,-2.11,1.89
18.45,-0.53,-73.89,89.69,62.67,-2.11,1.89
18.50,-0.53,-73.89,89.69,62.67,-2.11,1.89
18.55,-0.53,-73.89,89.69,62.67,-2.11,1.89
18.60,-0.53,-73.89,89.69,62.67,-2.11,1.89
18.65,-0.53,-73.89,89.69,62.67,-2.11,1.89
18.70,-0.53,-73.89,89.69,62.67,-2.11,1.89
18.75,-0.53,-73.89,89.69,62.67,-2.11,1.89
18.80,-0.53,-73.89,89.69,62.67,-2.11,1.89
18.85,-0.53,-73.89,89.69,62.67,-2.11,1.89
18.90,-0.53,-73.89,89.69,62.67,-2.11,1.89
18.95,-0.53,-73.89,89.69,62.67,-2.11,1.89
19.00,-0.53,-73.89,89.69,62.67,-2.11,1.89
19.05,-0.53,-73.89,89.69,62.67,-2.11,1.89
19.10,-0.53,-73.89,89.69,62.67,-2.11,1.89
19.15,-0.53,-73.89,89.69,62.67,-2.11,1.89
19.20,-0.53,-73.89,89.69,62.67,-2.11,1.89
19.25,-0.53,-73.89,89.69,62.67,-2.11,1.89
19.30,-0.53,-73.89,89.69,62.67,-2.11,1.89
19.35,-0.53,-73.89,89.69,62.67,-2.11,1.89
19.40,-0.53,-73.89,89.69,62.67,-2.11,1.89
19.45,-0.53,-73.89,89.69,62.67,-2.11,1.89
19.50,-0.53,-73.89,89.69,62.67,-2.11,1.89
19.55,-0.53,-73.89,89.69,62.67,-2.11,1.89
19.60,-0.53,-73.89,89.69,62.67,-2.11,1.89
19.65,-0.53,-73.89,89.69,62.67,-2.11,1.89
19.70,-0.53,-73.89,89.69,62.67,-2.11,1.89
19.75,-0.53,-73.89,89.69,62.67,-2.11,1.89
19.80,-0.53,-73.89,89.69,62.67,-2.11,1.89
19.85,-0.53,-73.89,89.69,62.67,-2.11,1.89
19.90,-0.53,-73.89,89.69,62.67,-2.11,1.89
19.95,-0.53,-73.89,89.69,62.67,-2.11,1.89
20.00,-0.53,-73.89,89.69,62.67,-2.11,1.89
